boro,gx,gy,lat,lon,total_count,early_count,recent_count,early_rate,recent_rate,rate_diff,years_active,years_ge3,precinct,loc_class,late_share,street_share,housing_share,recent_rank_boro,emerging_rank_boro,persistent_score,persistent_rank_boro,fading_rank_boro,view
BRONX,2,51,40.85359477756098,-73.90068206682926,41,9,22,1.5,7.333333333333333,5.833333333333333,17,3,46,STREET,48.78048780487805,85.36585365853658,2.4390243902439024,1.0,1.0,40.73766961828337,9.0,607.0,Recent hotspots
BRONX,-4,44,40.83790593027027,-73.91954259864865,37,9,15,1.5,5.0,3.5,16,4,44,STREET,56.75675675675676,72.97297297297297,0.0,2.0,4.0,39.63758615972638,11.0,604.0,Recent hotspots
BRONX,2,47,40.84421140961538,-73.9007538326923,26,5,15,0.8333333333333334,5.0,4.166666666666667,11,3,48,STREET,61.53846153846154,92.3076923076923,0.0,3.0,2.0,28.29583686600433,90.0,606.0,Recent hotspots
BRONX,-1,37,40.82219326068965,-73.91147810827586,29,6,14,1.0,4.666666666666667,3.666666666666667,13,2,42,STREET,58.620689655172406,93.10344827586206,3.4482758620689653,4.0,3.0,31.401197381662154,52.0,605.0,Recent hotspots
BRONX,13,37,40.82278780769231,-73.86963521192307,26,7,12,1.1666666666666667,4.0,2.833333333333333,12,3,43,STREET,73.07692307692307,65.38461538461539,7.6923076923076925,5.0,5.0,30.29583686600433,66.0,603.0,Recent hotspots
BRONX,-6,32,40.81064530387097,-73.92525232193549,31,9,10,1.5,3.3333333333333335,1.8333333333333335,13,4,40,STREET,45.16129032258064,70.96774193548387,19.35483870967742,6.0,6.0,33.46573590279973,36.0,602.0,Recent hotspots
BRONX,20,66,40.88712671354839,-73.84739631870968,31,10,8,1.6666666666666667,2.6666666666666665,0.9999999999999998,15,4,47,STREET,51.61290322580645,77.41935483870968,19.35483870967742,7.0,27.0,37.46573590279973,18.0,581.0,Recent hotspots
BRONX,-4,37,40.82218617780487,-73.91921600292682,41,11,7,1.8333333333333333,2.3333333333333335,0.5000000000000002,17,6,40,HOUSING,70.73170731707317,0.0,100.0,8.0,54.0,43.73766961828337,3.0,553.0,Recent hotspots
BRONX,0,34,40.81583010193548,-73.90778465193549,31,11,7,1.8333333333333333,2.3333333333333335,0.5000000000000002,14,5,40,HOUSING,45.16129032258064,29.03225806451613,58.06451612903226,9.0,55.0,36.46573590279973,23.0,554.0,Recent hotspots
BRONX,-3,39,40.82594632846154,-73.91681778,26,9,6,1.5,2.0,0.5,14,3,44,STREET,61.53846153846154,80.76923076923077,3.8461538461538463,11.0,57.0,34.29583686600433,34.0,533.0,Recent hotspots
BRONX,4,34,40.816105030769236,-73.89612557000001,13,3,6,0.5,2.0,1.5,10,1,41,STREET,38.46153846153847,84.61538461538461,0.0,15.0,8.0,23.63905732961526,163.0,600.0,Recent hotspots
BRONX,0,35,40.817427903749994,-73.90722848906249,32,8,6,1.3333333333333333,2.0,0.6666666666666667,17,5,40,HOUSING,50.0,15.625,84.375,12.0,38.0,42.49650756146648,5.0,569.0,Recent hotspots
BRONX,9,58,40.869453934,-73.880184792,20,4,6,0.6666666666666666,2.0,1.3333333333333335,11,2,52,STREET,55.00000000000001,80.0,0.0,16.0,9.0,27.044522437723423,108.0,599.0,Recent hotspots
BRONX,0,43,40.835242176428565,-73.90818461571429,28,10,6,1.6666666666666667,2.0,0.33333333333333326,15,4,42,HOUSING,60.71428571428571,35.714285714285715,57.14285714285714,13.0,111.0,37.367295829986475,21.0,496.0,Recent hotspots
BRONX,1,51,40.85376774777777,-73.90458075037039,27,9,6,1.5,2.0,0.5,17,2,46,STREET,51.85185185185185,85.18518518518519,0.0,14.0,61.0,39.3322045101752,15.0,537.0,Recent hotspots
BRONX,-5,32,40.81126719466667,-73.922542122,15,6,6,1.0,2.0,1.0,11,0,40,HOUSING,46.666666666666664,20.0,80.0,10.0,18.0,24.77258872223978,143.0,582.0,Recent hotspots
BRONX,15,42,40.83268970230769,-73.86370693692308,13,3,5,0.5,1.6666666666666667,1.1666666666666667,9,1,43,STREET,69.23076923076923,84.61538461538461,0.0,30.0,14.0,21.63905732961526,186.0,596.0,Recent hotspots
BRONX,13,39,40.82639166333333,-73.86920624666668,18,6,5,1.0,1.6666666666666667,0.6666666666666667,13,1,43,HOUSING,55.55555555555556,22.22222222222222,72.22222222222221,29.0,41.0,29.944438979166442,77.0,572.0,Recent hotspots
BRONX,16,67,40.88979165,-73.85955968615384,13,0,5,0.0,1.6666666666666667,1.6666666666666667,9,1,47,STREET,23.076923076923077,84.61538461538461,0.0,31.0,7.0,21.63905732961526,188.0,601.0,Recent hotspots
BRONX,9,47,40.84434926823529,-73.8806572014706,34,12,5,2.0,1.6666666666666667,-0.33333333333333326,17,7,48,STREET,67.64705882352942,85.29411764705883,0.0,28.0,351.0,44.55534806148941,2.0,261.0,Recent hotspots
BRONX,16,69,40.89408941916667,-73.8599521225,12,3,5,0.5,1.6666666666666667,1.1666666666666667,8,2,47,STREET,50.0,66.66666666666666,0.0,32.0,15.0,20.564949357461536,205.0,597.0,Recent hotspots
BRONX,8,48,40.84628294848485,-73.88431595272726,33,11,5,1.8333333333333333,1.6666666666666667,-0.16666666666666652,16,4,48,STREET,60.60606060606061,78.78787878787878,0.0,27.0,250.0,39.52636052461616,12.0,358.0,Recent hotspots
BRONX,-7,43,40.83522551478261,-73.92822386391305,23,9,5,1.5,1.6666666666666667,0.16666666666666674,15,2,44,STREET,60.86956521739131,86.95652173913044,0.0,17.0,113.0,35.17805383034795,32.0,495.0,Recent hotspots
BRONX,2,58,40.86895457666666,-73.90190536055555,18,3,5,0.5,1.6666666666666667,1.1666666666666667,13,1,50,STREET,72.22222222222221,94.44444444444444,0.0,26.0,13.0,29.944438979166442,76.0,595.0,Recent hotspots
BRONX,1,55,40.86246255066667,-73.90412225533333,15,4,5,0.6666666666666666,1.6666666666666667,1.0,11,1,52,STREET,73.33333333333333,66.66666666666666,0.0,25.0,23.0,25.77258872223978,130.0,587.0,Recent hotspots
BRONX,2,51,40.85359477756098,-73.90068206682926,41,9,22,1.5,7.333333333333333,5.833333333333333,17,3,46,STREET,48.78048780487805,85.36585365853658,2.4390243902439024,1.0,1.0,40.73766961828337,9.0,607.0,Emerging hotspots
BRONX,2,47,40.84421140961538,-73.9007538326923,26,5,15,0.8333333333333334,5.0,4.166666666666667,11,3,48,STREET,61.53846153846154,92.3076923076923,0.0,3.0,2.0,28.29583686600433,90.0,606.0,Emerging hotspots
BRONX,-1,37,40.82219326068965,-73.91147810827586,29,6,14,1.0,4.666666666666667,3.666666666666667,13,2,42,STREET,58.620689655172406,93.10344827586206,3.4482758620689653,4.0,3.0,31.401197381662154,52.0,605.0,Emerging hotspots
BRONX,-4,44,40.83790593027027,-73.91954259864865,37,9,15,1.5,5.0,3.5,16,4,44,STREET,56.75675675675676,72.97297297297297,0.0,2.0,4.0,39.63758615972638,11.0,604.0,Emerging hotspots
BRONX,13,37,40.82278780769231,-73.86963521192307,26,7,12,1.1666666666666667,4.0,2.833333333333333,12,3,43,STREET,73.07692307692307,65.38461538461539,7.6923076923076925,5.0,5.0,30.29583686600433,66.0,603.0,Emerging hotspots
BRONX,-6,32,40.81064530387097,-73.92525232193549,31,9,10,1.5,3.3333333333333335,1.8333333333333335,13,4,40,STREET,45.16129032258064,70.96774193548387,19.35483870967742,6.0,6.0,33.46573590279973,36.0,602.0,Emerging hotspots
BRONX,4,34,40.816105030769236,-73.89612557000001,13,3,6,0.5,2.0,1.5,10,1,41,STREET,38.46153846153847,84.61538461538461,0.0,15.0,8.0,23.63905732961526,163.0,600.0,Emerging hotspots
BRONX,9,58,40.869453934,-73.880184792,20,4,6,0.6666666666666666,2.0,1.3333333333333335,11,2,52,STREET,55.00000000000001,80.0,0.0,16.0,9.0,27.044522437723423,108.0,599.0,Emerging hotspots
BRONX,-5,32,40.81126719466667,-73.922542122,15,6,6,1.0,2.0,1.0,11,0,40,HOUSING,46.666666666666664,20.0,80.0,10.0,18.0,24.77258872223978,143.0,582.0,Emerging hotspots
BRONX,20,66,40.88712671354839,-73.84739631870968,31,10,8,1.6666666666666667,2.6666666666666665,0.9999999999999998,15,4,47,STREET,51.61290322580645,77.41935483870968,19.35483870967742,7.0,27.0,37.46573590279973,18.0,581.0,Emerging hotspots
BRONX,0,35,40.817427903749994,-73.90722848906249,32,8,6,1.3333333333333333,2.0,0.6666666666666667,17,5,40,HOUSING,50.0,15.625,84.375,12.0,38.0,42.49650756146648,5.0,569.0,Emerging hotspots
BRONX,-4,37,40.82218617780487,-73.91921600292682,41,11,7,1.8333333333333333,2.3333333333333335,0.5000000000000002,17,6,40,HOUSING,70.73170731707317,0.0,100.0,8.0,54.0,43.73766961828337,3.0,553.0,Emerging hotspots
BRONX,0,34,40.81583010193548,-73.90778465193549,31,11,7,1.8333333333333333,2.3333333333333335,0.5000000000000002,14,5,40,HOUSING,45.16129032258064,29.03225806451613,58.06451612903226,9.0,55.0,36.46573590279973,23.0,554.0,Emerging hotspots
BRONX,-3,39,40.82594632846154,-73.91681778,26,9,6,1.5,2.0,0.5,14,3,44,STREET,61.53846153846154,80.76923076923077,3.8461538461538463,11.0,57.0,34.29583686600433,34.0,533.0,Emerging hotspots
BRONX,1,51,40.85376774777777,-73.90458075037039,27,9,6,1.5,2.0,0.5,17,2,46,STREET,51.85185185185185,85.18518518518519,0.0,14.0,61.0,39.3322045101752,15.0,537.0,Emerging hotspots
BRONX,0,43,40.835242176428565,-73.90818461571429,28,10,6,1.6666666666666667,2.0,0.33333333333333326,15,4,42,HOUSING,60.71428571428571,35.714285714285715,57.14285714285714,13.0,111.0,37.367295829986475,21.0,496.0,Emerging hotspots
BRONX,-5,34,40.81455622558139,-73.92256885139535,43,23,5,3.8333333333333335,1.6666666666666667,-2.166666666666667,17,8,40,HOUSING,67.44186046511628,18.6046511627907,76.74418604651163,18.0,604.0,45.78418963391826,1.0,4.0,Persistent hotspots
BRONX,9,47,40.84434926823529,-73.8806572014706,34,12,5,2.0,1.6666666666666667,-0.33333333333333326,17,7,48,STREET,67.64705882352942,85.29411764705883,0.0,28.0,351.0,44.55534806148941,2.0,261.0,Persistent hotspots
BRONX,-4,37,40.82218617780487,-73.91921600292682,41,11,7,1.8333333333333333,2.3333333333333335,0.5000000000000002,17,6,40,HOUSING,70.73170731707317,0.0,100.0,8.0,54.0,43.73766961828337,3.0,553.0,Persistent hotspots
BRONX,2,53,40.85759694714286,-73.90133046742858,35,12,3,2.0,1.0,-1.0,17,6,46,STREET,45.714285714285715,85.71428571428571,0.0,84.0,560.0,43.58351893845611,4.0,38.0,Persistent hotspots
BRONX,0,35,40.817427903749994,-73.90722848906249,32,8,6,1.3333333333333333,2.0,0.6666666666666667,17,5,40,HOUSING,50.0,15.625,84.375,12.0,38.0,42.49650756146648,5.0,569.0,Persistent hotspots
BRONX,-5,33,40.812749960789475,-73.9221203,38,13,4,2.1666666666666665,1.3333333333333333,-0.8333333333333333,15,8,40,HOUSING,44.73684210526316,15.789473684210526,84.21052631578947,34.0,521.0,41.663561646129644,6.0,87.0,Persistent hotspots
BRONX,-3,38,40.82391704914286,-73.91692550342857,35,16,1,2.6666666666666665,0.3333333333333333,-2.333333333333333,16,6,44,HOUSING,45.714285714285715,17.142857142857142,65.71428571428571,232.0,605.0,41.58351893845611,8.0,3.0,Persistent hotspots
BRONX,-4,30,40.80636704771429,-73.91900131771429,35,13,5,2.1666666666666665,1.6666666666666667,-0.4999999999999998,16,6,40,HOUSING,51.42857142857142,31.428571428571427,57.14285714285714,19.0,432.0,41.58351893845611,7.0,176.0,Persistent hotspots
BRONX,2,51,40.85359477756098,-73.90068206682926,41,9,22,1.5,7.333333333333333,5.833333333333333,17,3,46,STREET,48.78048780487805,85.36585365853658,2.4390243902439024,1.0,1.0,40.73766961828337,9.0,607.0,Persistent hotspots
BRONX,1,53,40.858071854,-73.90495074,25,10,3,1.6666666666666667,1.0,-0.6666666666666667,17,3,46,STREET,64.0,88.0,0.0,82.0,513.0,40.25809653802148,10.0,91.0,Persistent hotspots
BRONX,-4,44,40.83790593027027,-73.91954259864865,37,9,15,1.5,5.0,3.5,16,4,44,STREET,56.75675675675676,72.97297297297297,0.0,2.0,4.0,39.63758615972638,11.0,604.0,Persistent hotspots
BRONX,8,48,40.84628294848485,-73.88431595272726,33,11,5,1.8333333333333333,1.6666666666666667,-0.16666666666666652,16,4,48,STREET,60.60606060606061,78.78787878787878,0.0,27.0,250.0,39.52636052461616,12.0,358.0,Persistent hotspots
BRONX,-2,31,40.8083913465625,-73.91376765656251,32,13,3,2.1666666666666665,1.0,-1.1666666666666665,16,4,40,STREET,53.125,93.75,0.0,65.0,578.0,39.49650756146648,13.0,29.0,Persistent hotspots
BRONX,0,44,40.83734097,-73.90687806625,32,7,3,1.1666666666666667,1.0,-0.16666666666666674,15,6,42,HOUSING,65.625,34.375,56.25,75.0,328.0,39.49650756146648,14.0,264.0,Persistent hotspots
BRONX,1,51,40.85376774777777,-73.90458075037039,27,9,6,1.5,2.0,0.5,17,2,46,STREET,51.85185185185185,85.18518518518519,0.0,14.0,61.0,39.3322045101752,15.0,537.0,Persistent hotspots
BRONX,-6,31,40.808560393200004,-73.92538447640001,25,8,0,1.3333333333333333,0.0,-1.3333333333333333,16,3,40,HOUSING,48.0,16.0,80.0,388.0,588.0,38.25809653802148,16.0,18.0,Persistent hotspots
BRONX,1,38,40.82407291516129,-73.90427414612903,31,14,1,2.3333333333333335,0.3333333333333333,-2.0,15,4,42,HOUSING,58.06451612903226,0.0,100.0,261.0,602.0,37.46573590279973,17.0,7.0,Persistent hotspots
BRONX,20,66,40.88712671354839,-73.84739631870968,31,10,8,1.6666666666666667,2.6666666666666665,0.9999999999999998,15,4,47,STREET,51.61290322580645,77.41935483870968,19.35483870967742,7.0,27.0,37.46573590279973,18.0,581.0,Persistent hotspots
BRONX,14,38,40.82339231586207,-73.86538838103448,29,6,2,1.0,0.6666666666666666,-0.33333333333333337,15,4,43,HOUSING,55.172413793103445,3.4482758620689653,96.55172413793103,181.0,428.0,37.40119738166216,20.0,181.0,Persistent hotspots
BRONX,5,52,40.85547607034483,-73.89249928965516,29,11,2,1.8333333333333333,0.6666666666666666,-1.1666666666666665,15,4,48,STREET,62.06896551724138,89.65517241379311,0.0,157.0,579.0,37.40119738166216,19.0,30.0,Persistent hotspots
BRONX,0,43,40.835242176428565,-73.90818461571429,28,10,6,1.6666666666666667,2.0,0.33333333333333326,15,4,42,HOUSING,60.71428571428571,35.714285714285715,57.14285714285714,13.0,111.0,37.367295829986475,21.0,496.0,Persistent hotspots
BRONX,6,42,40.83280793666667,-73.8892072157143,21,7,4,1.1666666666666667,1.3333333333333333,0.16666666666666652,17,0,42,HOUSING,47.61904761904761,38.095238095238095,47.61904761904761,47.0,169.0,37.09104245335831,22.0,439.0,Persistent hotspots
BRONX,0,34,40.81583010193548,-73.90778465193549,31,11,7,1.8333333333333333,2.3333333333333335,0.5000000000000002,14,5,40,HOUSING,45.16129032258064,29.03225806451613,58.06451612903226,9.0,55.0,36.46573590279973,23.0,554.0,Persistent hotspots
BRONX,-2,41,40.83062819,-73.91389867172414,29,12,1,2.0,0.3333333333333333,-1.6666666666666667,15,3,44,STREET,58.620689655172406,75.86206896551724,10.344827586206897,241.0,598.0,36.40119738166216,24.0,10.0,Persistent hotspots
BRONX,8,51,40.853529081851846,-73.8838674637037,27,9,4,1.5,1.3333333333333333,-0.16666666666666674,14,5,48,STREET,44.44444444444444,85.18518518518519,0.0,50.0,339.0,36.3322045101752,25.0,275.0,Persistent hotspots
BRONX,16,66,40.887228738,-73.8602492296,25,15,0,2.5,0.0,-2.5,12,3,47,STREET,60.0,76.0,0.0,545.0,607.0,30.258096538021483,67.0,1.0,Fading hotspots
BRONX,-2,42,40.833166438000006,-73.91325165200001,25,14,0,2.3333333333333335,0.0,-2.3333333333333335,14,2,44,STREET,44.0,96.0,0.0,415.0,606.0,33.25809653802148,38.0,2.0,Fading hotspots
BRONX,-3,38,40.82391704914286,-73.91692550342857,35,16,1,2.6666666666666665,0.3333333333333333,-2.333333333333333,16,6,44,HOUSING,45.714285714285715,17.142857142857142,65.71428571428571,232.0,605.0,41.58351893845611,8.0,3.0,Fading hotspots
BRONX,-5,34,40.81455622558139,-73.92256885139535,43,23,5,3.8333333333333335,1.6666666666666667,-2.166666666666667,17,8,40,HOUSING,67.44186046511628,18.6046511627907,76.74418604651163,18.0,604.0,45.78418963391826,1.0,4.0,Fading hotspots
BRONX,2,37,40.82238133956522,-73.9008764373913,23,13,0,2.1666666666666665,0.0,-2.1666666666666665,12,3,42,STREET,65.21739130434783,91.30434782608695,0.0,439.0,603.0,30.178053830347945,69.0,5.0,Fading hotspots
BRONX,1,38,40.82407291516129,-73.90427414612903,31,14,1,2.3333333333333335,0.3333333333333333,-2.0,15,4,42,HOUSING,58.06451612903226,0.0,100.0,261.0,602.0,37.46573590279973,17.0,7.0,Fading hotspots
BRONX,-3,43,40.83518776666667,-73.91658619291667,24,12,0,2.0,0.0,-2.0,11,4,44,STREET,58.333333333333336,75.0,0.0,409.0,601.0,29.2188758248682,79.0,6.0,Fading hotspots
BRONX,-3,30,40.80569795583334,-73.91646105750002,24,11,0,1.8333333333333333,0.0,-1.8333333333333333,13,3,40,HOUSING,58.333333333333336,29.166666666666668,66.66666666666666,407.0,599.0,32.2188758248682,42.0,8.0,Fading hotspots
BRONX,7,43,40.83575374678571,-73.88676121928572,28,11,0,1.8333333333333333,0.0,-1.8333333333333333,14,4,42,STREET,60.71428571428571,82.14285714285714,7.142857142857142,474.0,600.0,35.367295829986475,30.0,9.0,Fading hotspots
BRONX,-2,41,40.83062819,-73.91389867172414,29,12,1,2.0,0.3333333333333333,-1.6666666666666667,15,3,44,STREET,58.620689655172406,75.86206896551724,10.344827586206897,241.0,598.0,36.40119738166216,24.0,10.0,Fading hotspots
BRONX,10,39,40.82677776769231,-73.87831300538461,26,16,3,2.6666666666666665,1.0,-1.6666666666666665,13,3,43,STREET,57.692307692307686,96.15384615384616,0.0,100.0,597.0,32.29583686600433,41.0,11.0,Fading hotspots
BRONX,4,53,40.85771287894737,-73.89573594368422,19,11,1,1.8333333333333333,0.3333333333333333,-1.5,12,1,46,STREET,57.89473684210527,78.94736842105263,0.0,287.0,594.0,27.99573227355399,96.0,12.0,Fading hotspots
BRONX,6,47,40.844962998947366,-73.88967855210527,19,11,1,1.8333333333333333,0.3333333333333333,-1.5,11,1,48,STREET,57.89473684210527,78.94736842105263,0.0,298.0,595.0,25.99573227355399,122.0,13.0,Fading hotspots
BRONX,14,44,40.837778355,-73.866534945,20,9,0,1.5,0.0,-1.5,12,1,43,STREET,70.0,90.0,0.0,518.0,596.0,28.044522437723423,95.0,14.0,Fading hotspots
BRONX,-4,36,40.8195528768421,-73.91894436894738,19,10,1,1.6666666666666667,0.3333333333333333,-1.3333333333333335,10,2,40,HOUSING,57.89473684210527,36.84210526315789,57.89473684210527,226.0,591.0,24.99573227355399,137.0,15.0,Fading hotspots
BRONX,9,40,40.82847901833333,-73.8805813175,12,10,1,1.6666666666666667,0.3333333333333333,-1.3333333333333335,7,1,43,STREET,66.66666666666666,100.0,0.0,311.0,593.0,17.564949357461536,268.0,17.0,Fading hotspots
BRONX,-1,49,40.8489199145,-73.909985617,20,10,1,1.6666666666666667,0.3333333333333333,-1.3333333333333335,13,1,46,STREET,65.0,90.0,0.0,247.0,592.0,30.044522437723423,71.0,16.0,Fading hotspots
BRONX,4,41,40.83089822588235,-73.89643289764706,17,8,0,1.3333333333333333,0.0,-1.3333333333333333,11,1,42,STREET,70.58823529411765,94.11764705882352,0.0,454.0,589.0,25.890371757896165,124.0,19.0,Fading hotspots
BRONX,-6,31,40.808560393200004,-73.92538447640001,25,8,0,1.3333333333333333,0.0,-1.3333333333333333,16,3,40,HOUSING,48.0,16.0,80.0,388.0,588.0,38.25809653802148,16.0,18.0,Fading hotspots
BRONX,8,50,40.85134890681818,-73.88433283227273,22,8,0,1.3333333333333333,0.0,-1.3333333333333333,11,2,48,STREET,36.36363636363637,95.45454545454545,0.0,485.0,590.0,27.13549421592915,105.0,20.0,Fading hotspots
BRONX,-2,51,40.85284294631579,-73.91400107578947,19,9,1,1.5,0.3333333333333333,-1.1666666666666667,14,1,46,STREET,73.68421052631578,68.42105263157895,15.789473684210526,243.0,581.0,31.99573227355399,50.0,22.0,Fading hotspots
BRONX,13,57,40.86697611428571,-73.86874485238096,21,9,1,1.5,0.3333333333333333,-1.1666666666666667,11,3,49,STREET,71.42857142857143,71.42857142857143,19.047619047619047,329.0,585.0,28.091042453358316,94.0,26.0,Fading hotspots
BRONX,5,52,40.85547607034483,-73.89249928965516,29,11,2,1.8333333333333333,0.6666666666666666,-1.1666666666666665,15,4,48,STREET,62.06896551724138,89.65517241379311,0.0,157.0,579.0,37.40119738166216,19.0,30.0,Fading hotspots
BRONX,-2,31,40.8083913465625,-73.91376765656251,32,13,3,2.1666666666666665,1.0,-1.1666666666666665,16,4,40,STREET,53.125,93.75,0.0,65.0,578.0,39.49650756146648,13.0,29.0,Fading hotspots
BRONX,6,52,40.855816126,-73.889747362,25,10,2,1.6666666666666667,0.6666666666666666,-1.0,13,2,48,STREET,44.0,88.0,0.0,162.0,567.0,31.258096538021483,54.0,45.0,Fading hotspots
BROOKLYN,9,-30,40.67137368069768,-73.88169630906977,43,8,20,1.3333333333333333,6.666666666666667,5.333333333333334,16,5,75,STREET,46.51162790697674,79.06976744186046,2.3255813953488373,1.0,1.0,40.78418963391826,22.0,827.0,Recent hotspots
BROOKLYN,-2,-30,40.67123058928571,-73.91369273142857,42,10,19,1.6666666666666667,6.333333333333333,4.666666666666666,17,5,73,STREET,59.523809523809526,64.28571428571429,11.904761904761903,2.0,2.0,42.76120011569356,14.0,826.0,Recent hotspots
BROOKLYN,-15,-40,40.6488458604,-73.95113889480001,25,10,9,1.6666666666666667,3.0,1.3333333333333333,12,3,67,STREET,52.0,88.0,0.0,3.0,7.0,30.258096538021483,89.0,821.0,Recent hotspots
BROOKLYN,-6,-30,40.67111310673077,-73.92591164807693,52,21,9,3.5,3.0,-0.5,18,8,77,STREET,44.230769230769226,69.23076923076923,15.384615384615385,4.0,517.0,47.970291913552124,4.0,309.0,Recent hotspots
BROOKLYN,-6,-22,40.689268606666666,-73.92469606969698,33,10,8,1.6666666666666667,2.6666666666666665,0.9999999999999998,13,6,81,STREET,51.515151515151516,72.72727272727273,0.0,5.0,14.0,35.52636052461616,45.0,814.0,Recent hotspots
BROOKLYN,-3,-35,40.66000892541667,-73.91672144208334,24,5,8,0.8333333333333334,2.6666666666666665,1.833333333333333,14,2,73,STREET,41.66666666666667,79.16666666666666,4.166666666666666,6.0,5.0,33.2188758248682,61.0,823.0,Recent hotspots
BROOKLYN,-1,-34,40.66257320509804,-73.91030633705883,51,21,8,3.5,2.6666666666666665,-0.8333333333333335,18,6,73,STREET,62.745098039215684,92.15686274509804,0.0,7.0,687.0,45.95124371858143,8.0,145.0,Recent hotspots
BROOKLYN,-13,-22,40.688736336969704,-73.94559537818182,33,9,7,1.5,2.3333333333333335,0.8333333333333335,17,4,79,STREET,54.54545454545454,45.45454545454545,42.42424242424242,8.0,15.0,41.52636052461616,20.0,813.0,Recent hotspots
BROOKLYN,-5,-28,40.67557195489796,-73.92222799959184,49,18,6,3.0,2.0,-1.0,19,9,77,HOUSING,61.224489795918366,18.367346938775512,73.46938775510205,9.0,711.0,50.912023005428146,2.0,123.0,Recent hotspots
BROOKLYN,0,-34,40.66239627244899,-73.90758072244898,49,13,6,2.1666666666666665,2.0,-0.16666666666666652,19,7,73,STREET,63.26530612244898,51.02040816326531,44.89795918367347,10.0,226.0,48.912023005428146,3.0,602.0,Recent hotspots
BROOKLYN,1,-40,40.64861355,-73.9052572,10,1,6,0.16666666666666666,2.0,1.8333333333333333,7,1,69,STREET,80.0,80.0,0.0,11.0,3.0,17.397895272798372,347.0,824.0,Recent hotspots
BROOKLYN,1,-33,40.66486727,-73.9041924,15,1,6,0.16666666666666666,2.0,1.8333333333333333,9,1,73,HOUSING,46.666666666666664,0.0,100.0,12.0,4.0,21.77258872223978,244.0,825.0,Recent hotspots
BROOKLYN,-14,-33,40.664106012000005,-73.94799506000001,15,3,5,0.5,1.6666666666666667,1.1666666666666667,9,1,71,STREET,66.66666666666666,93.33333333333333,0.0,13.0,8.0,21.77258872223978,241.0,820.0,Recent hotspots
BROOKLYN,-1,-37,40.65564091666667,-73.91049689133334,15,1,5,0.16666666666666666,1.6666666666666667,1.5,9,2,73,STREET,60.0,73.33333333333333,0.0,14.0,6.0,22.77258872223978,214.0,822.0,Recent hotspots
BROOKLYN,1,-31,40.66896323756097,-73.90453530146343,41,13,5,2.1666666666666665,1.6666666666666667,-0.4999999999999998,17,6,73,HOUSING,48.78048780487805,7.317073170731707,92.6829268292683,15.0,482.0,43.73766961828337,10.0,346.0,Recent hotspots
BROOKLYN,7,-33,40.66453133173913,-73.88696773565218,23,7,5,1.1666666666666667,1.6666666666666667,0.5,15,3,75,STREET,39.130434782608695,73.91304347826086,0.0,16.0,44.0,36.17805383034795,43.0,796.0,Recent hotspots
BROOKLYN,9,-30,40.67137368069768,-73.88169630906977,43,8,20,1.3333333333333333,6.666666666666667,5.333333333333334,16,5,75,STREET,46.51162790697674,79.06976744186046,2.3255813953488373,1.0,1.0,40.78418963391826,22.0,827.0,Emerging hotspots
BROOKLYN,-2,-30,40.67123058928571,-73.91369273142857,42,10,19,1.6666666666666667,6.333333333333333,4.666666666666666,17,5,73,STREET,59.523809523809526,64.28571428571429,11.904761904761903,2.0,2.0,42.76120011569356,14.0,826.0,Emerging hotspots
BROOKLYN,1,-40,40.64861355,-73.9052572,10,1,6,0.16666666666666666,2.0,1.8333333333333333,7,1,69,STREET,80.0,80.0,0.0,11.0,3.0,17.397895272798372,347.0,824.0,Emerging hotspots
BROOKLYN,1,-33,40.66486727,-73.9041924,15,1,6,0.16666666666666666,2.0,1.8333333333333333,9,1,73,HOUSING,46.666666666666664,0.0,100.0,12.0,4.0,21.77258872223978,244.0,825.0,Emerging hotspots
BROOKLYN,-3,-35,40.66000892541667,-73.91672144208334,24,5,8,0.8333333333333334,2.6666666666666665,1.833333333333333,14,2,73,STREET,41.66666666666667,79.16666666666666,4.166666666666666,6.0,5.0,33.2188758248682,61.0,823.0,Emerging hotspots
BROOKLYN,-15,-40,40.6488458604,-73.95113889480001,25,10,9,1.6666666666666667,3.0,1.3333333333333333,12,3,67,STREET,52.0,88.0,0.0,3.0,7.0,30.258096538021483,89.0,821.0,Emerging hotspots
BROOKLYN,-6,-22,40.689268606666666,-73.92469606969698,33,10,8,1.6666666666666667,2.6666666666666665,0.9999999999999998,13,6,81,STREET,51.515151515151516,72.72727272727273,0.0,5.0,14.0,35.52636052461616,45.0,814.0,Emerging hotspots
BROOKLYN,-13,-22,40.688736336969704,-73.94559537818182,33,9,7,1.5,2.3333333333333335,0.8333333333333335,17,4,79,STREET,54.54545454545454,45.45454545454545,42.42424242424242,8.0,15.0,41.52636052461616,20.0,813.0,Emerging hotspots
BROOKLYN,0,-32,40.66709762043478,-73.90719753347825,69,27,2,4.5,0.6666666666666666,-3.8333333333333335,18,13,73,HOUSING,53.62318840579711,11.594202898550725,88.40579710144928,157.0,827.0,53.24849524204936,1.0,1.0,Persistent hotspots
BROOKLYN,-5,-28,40.67557195489796,-73.92222799959184,49,18,6,3.0,2.0,-1.0,19,9,77,HOUSING,61.224489795918366,18.367346938775512,73.46938775510205,9.0,711.0,50.912023005428146,2.0,123.0,Persistent hotspots
BROOKLYN,0,-34,40.66239627244899,-73.90758072244898,49,13,6,2.1666666666666665,2.0,-0.16666666666666652,19,7,73,STREET,63.26530612244898,51.02040816326531,44.89795918367347,10.0,226.0,48.912023005428146,3.0,602.0,Persistent hotspots
BROOKLYN,-6,-30,40.67111310673077,-73.92591164807693,52,21,9,3.5,3.0,-0.5,18,8,77,STREET,44.230769230769226,69.23076923076923,15.384615384615385,4.0,517.0,47.970291913552124,4.0,309.0,Persistent hotspots
BROOKLYN,0,-31,40.66921989139535,-73.90743876604651,43,16,4,2.6666666666666665,1.3333333333333333,-1.3333333333333333,19,6,73,STREET,46.51162790697674,86.04651162790698,0.0,38.0,771.0,47.78418963391826,5.0,61.0,Persistent hotspots
BROOKLYN,-11,-15,40.704596452195126,-73.94010125878049,41,14,2,2.3333333333333335,0.6666666666666666,-1.666666666666667,19,5,90,HOUSING,48.78048780487805,7.317073170731707,90.2439024390244,118.0,799.0,46.73766961828337,6.0,29.0,Persistent hotspots
BROOKLYN,4,-32,40.66724261666666,-73.89637542179487,39,16,4,2.6666666666666665,1.3333333333333333,-1.3333333333333333,19,5,75,HOUSING,51.28205128205128,20.51282051282051,71.7948717948718,40.0,775.0,46.68887945411394,7.0,65.0,Persistent hotspots
BROOKLYN,-1,-34,40.66257320509804,-73.91030633705883,51,21,8,3.5,2.6666666666666665,-0.8333333333333335,18,6,73,STREET,62.745098039215684,92.15686274509804,0.0,7.0,687.0,45.95124371858143,8.0,145.0,Persistent hotspots
BROOKLYN,-24,-19,40.69558369914285,-73.97877104714286,35,9,4,1.5,1.3333333333333333,-0.16666666666666674,18,5,88,HOUSING,48.57142857142857,11.428571428571429,88.57142857142857,18.0,340.0,44.58351893845611,9.0,478.0,Persistent hotspots
BROOKLYN,1,-31,40.66896323756097,-73.90453530146343,41,13,5,2.1666666666666665,1.6666666666666667,-0.4999999999999998,17,6,73,HOUSING,48.78048780487805,7.317073170731707,92.6829268292683,15.0,482.0,43.73766961828337,10.0,346.0,Persistent hotspots
BROOKLYN,-17,-30,40.671295572702704,-73.95799802027028,37,20,2,3.3333333333333335,0.6666666666666666,-2.666666666666667,17,6,77,STREET,56.75675675675676,83.78378378378379,0.0,98.0,822.0,43.63758615972638,11.0,6.0,Persistent hotspots
BROOKLYN,-11,-19,40.69565059666667,-73.93940236194445,36,18,2,3.0,0.6666666666666666,-2.3333333333333335,18,4,79,STREET,52.77777777777778,55.55555555555556,33.33333333333333,116.0,820.0,43.610917912644226,12.0,9.0,Persistent hotspots
BROOKLYN,12,-29,40.67292592583333,-73.87216769444446,36,9,4,1.5,1.3333333333333333,-0.16666666666666674,17,6,75,HOUSING,44.44444444444444,25.0,66.66666666666666,42.0,353.0,43.610917912644226,13.0,491.0,Persistent hotspots
BROOKLYN,-2,-30,40.67123058928571,-73.91369273142857,42,10,19,1.6666666666666667,6.333333333333333,4.666666666666666,17,5,73,STREET,59.523809523809526,64.28571428571429,11.904761904761903,2.0,2.0,42.76120011569356,14.0,826.0,Persistent hotspots
BROOKLYN,-14,-23,40.687193294500005,-73.94909027525,40,15,2,2.5,0.6666666666666666,-1.8333333333333335,17,5,79,HOUSING,47.5,40.0,57.49999999999999,108.0,809.0,42.71357206670431,15.0,17.0,Persistent hotspots
BROOKLYN,4,-31,40.668905069090904,-73.89620639454544,33,15,2,2.5,0.6666666666666666,-1.8333333333333335,17,5,75,STREET,51.515151515151516,48.484848484848484,30.303030303030305,169.0,811.0,42.52636052461616,16.0,19.0,Persistent hotspots
BROOKLYN,-13,-19,40.69620567326087,-73.94585708978262,46,25,2,4.166666666666667,0.6666666666666666,-3.5000000000000004,15,8,79,HOUSING,41.30434782608695,23.91304347826087,73.91304347826086,111.0,826.0,41.850147601710056,17.0,2.0,Persistent hotspots
BROOKLYN,-9,-30,40.67100500457143,-73.93453477171428,35,14,4,2.3333333333333335,1.3333333333333333,-1.0000000000000002,16,6,77,STREET,51.42857142857142,80.0,0.0,32.0,728.0,41.58351893845611,19.0,99.0,Persistent hotspots
BROOKLYN,-26,-17,40.70082050457143,-73.98428299,35,11,2,1.8333333333333333,0.6666666666666666,-1.1666666666666665,16,6,84,HOUSING,62.857142857142854,14.285714285714285,82.85714285714286,90.0,730.0,41.58351893845611,18.0,98.0,Persistent hotspots
BROOKLYN,-13,-22,40.688736336969704,-73.94559537818182,33,9,7,1.5,2.3333333333333335,0.8333333333333335,17,4,79,STREET,54.54545454545454,45.45454545454545,42.42424242424242,8.0,15.0,41.52636052461616,20.0,813.0,Persistent hotspots
BROOKLYN,-33,-28,40.6758017953125,-74.006131878125,32,12,2,2.0,0.6666666666666666,-1.3333333333333335,17,4,76,HOUSING,56.25,6.25,87.5,83.0,777.0,41.49650756146648,21.0,47.0,Persistent hotspots
BROOKLYN,9,-30,40.67137368069768,-73.88169630906977,43,8,20,1.3333333333333333,6.666666666666667,5.333333333333334,16,5,75,STREET,46.51162790697674,79.06976744186046,2.3255813953488373,1.0,1.0,40.78418963391826,22.0,827.0,Persistent hotspots
BROOKLYN,-9,-20,40.69387208818182,-73.93463786484848,33,13,2,2.1666666666666665,0.6666666666666666,-1.5,16,5,81,HOUSING,54.54545454545454,42.42424242424242,48.484848484848484,126.0,784.0,40.52636052461616,23.0,39.0,Persistent hotspots
BROOKLYN,-10,-20,40.693186019487186,-73.93792769179487,39,20,0,3.3333333333333335,0.0,-3.3333333333333335,15,6,81,HOUSING,43.58974358974359,17.94871794871795,79.48717948717949,600.0,825.0,39.68887945411394,24.0,3.0,Persistent hotspots
BROOKLYN,-11,-23,40.68673797742857,-73.93970107885714,35,14,3,2.3333333333333335,1.0,-1.3333333333333335,16,4,79,STREET,57.14285714285714,85.71428571428571,0.0,57.0,778.0,39.58351893845611,25.0,48.0,Persistent hotspots
BROOKLYN,0,-32,40.66709762043478,-73.90719753347825,69,27,2,4.5,0.6666666666666666,-3.8333333333333335,18,13,73,HOUSING,53.62318840579711,11.594202898550725,88.40579710144928,157.0,827.0,53.24849524204936,1.0,1.0,Fading hotspots
BROOKLYN,-13,-19,40.69620567326087,-73.94585708978262,46,25,2,4.166666666666667,0.6666666666666666,-3.5000000000000004,15,8,79,HOUSING,41.30434782608695,23.91304347826087,73.91304347826086,111.0,826.0,41.850147601710056,17.0,2.0,Fading hotspots
BROOKLYN,-10,-20,40.693186019487186,-73.93792769179487,39,20,0,3.3333333333333335,0.0,-3.3333333333333335,15,6,81,HOUSING,43.58974358974359,17.94871794871795,79.48717948717949,600.0,825.0,39.68887945411394,24.0,3.0,Fading hotspots
BROOKLYN,0,-30,40.67093560886364,-73.90747608681819,44,22,2,3.6666666666666665,0.6666666666666666,-3.0,14,6,73,HOUSING,59.09090909090909,40.909090909090914,56.81818181818182,158.0,824.0,37.80666248977032,34.0,4.0,Fading hotspots
BROOKLYN,0,-33,40.664522375882356,-73.90762292764705,34,17,0,2.8333333333333335,0.0,-2.8333333333333335,12,7,73,HOUSING,44.11764705882353,0.0,100.0,735.0,823.0,34.55534806148941,51.0,5.0,Fading hotspots
BROOKLYN,-17,-30,40.671295572702704,-73.95799802027028,37,20,2,3.3333333333333335,0.6666666666666666,-2.666666666666667,17,6,77,STREET,56.75675675675676,83.78378378378379,0.0,98.0,822.0,43.63758615972638,11.0,6.0,Fading hotspots
BROOKLYN,-2,-23,40.68678774761904,-73.91382411714285,21,14,0,2.3333333333333335,0.0,-2.3333333333333335,10,3,83,STREET,76.19047619047619,90.47619047619048,0.0,717.0,821.0,26.091042453358316,151.0,10.0,Fading hotspots
BROOKLYN,-16,-44,40.63980534457143,-73.95484902828572,35,18,2,3.0,0.6666666666666666,-2.3333333333333335,15,5,70,STREET,74.28571428571429,85.71428571428571,0.0,100.0,819.0,38.58351893845611,29.0,8.0,Fading hotspots
BROOKLYN,-11,-19,40.69565059666667,-73.93940236194445,36,18,2,3.0,0.6666666666666666,-2.3333333333333335,18,4,79,STREET,52.77777777777778,55.55555555555556,33.33333333333333,116.0,820.0,43.610917912644226,12.0,9.0,Fading hotspots
BROOKLYN,-17,-33,40.66486103945946,-73.95790621216216,37,20,3,3.3333333333333335,1.0,-2.3333333333333335,15,5,71,STREET,56.75675675675676,72.97297297297297,0.0,49.0,818.0,38.63758615972638,28.0,7.0,Fading hotspots
BROOKLYN,-4,-25,40.68196216434783,-73.91919986869564,23,16,1,2.6666666666666665,0.3333333333333333,-2.333333333333333,11,3,81,STREET,69.56521739130434,95.65217391304348,0.0,326.0,817.0,28.178053830347945,114.0,11.0,Fading hotspots
BROOKLYN,-13,-23,40.68671344454546,-73.94649627999999,22,13,0,2.1666666666666665,0.0,-2.1666666666666665,10,4,79,HOUSING,59.09090909090909,36.36363636363637,54.54545454545454,549.0,816.0,27.13549421592915,130.0,12.0,Fading hotspots
BROOKLYN,-6,-38,40.65288674476191,-73.92564718999999,21,12,0,2.0,0.0,-2.0,12,2,67,STREET,57.14285714285714,80.95238095238095,0.0,651.0,813.0,29.091042453358316,107.0,14.0,Fading hotspots
BROOKLYN,-14,-22,40.6892916348,-73.94947348960001,25,12,0,2.0,0.0,-2.0,12,4,79,HOUSING,52.0,24.0,72.0,529.0,812.0,31.258096538021483,77.0,13.0,Fading hotspots
BROOKLYN,10,-29,40.67383625210527,-73.87827179526316,19,12,0,2.0,0.0,-2.0,11,3,75,STREET,78.94736842105263,89.47368421052632,0.0,809.0,815.0,27.99573227355399,121.0,16.0,Fading hotspots
BROOKLYN,-1,-33,40.66430949611111,-73.91027663555555,18,14,1,2.3333333333333335,0.3333333333333333,-2.0,9,3,73,STREET,50.0,88.88888888888889,5.555555555555555,347.0,814.0,23.944438979166442,194.0,15.0,Fading hotspots
BROOKLYN,-7,-25,40.681818869615384,-73.92785960307693,26,17,3,2.8333333333333335,1.0,-1.8333333333333335,12,3,81,STREET,76.92307692307693,80.76923076923077,0.0,67.0,810.0,30.29583686600433,88.0,18.0,Fading hotspots
BROOKLYN,4,-31,40.668905069090904,-73.89620639454544,33,15,2,2.5,0.6666666666666666,-1.8333333333333335,17,5,75,STREET,51.515151515151516,48.484848484848484,30.303030303030305,169.0,811.0,42.52636052461616,16.0,19.0,Fading hotspots
BROOKLYN,-14,-23,40.687193294500005,-73.94909027525,40,15,2,2.5,0.6666666666666666,-1.8333333333333335,17,5,79,HOUSING,47.5,40.0,57.49999999999999,108.0,809.0,42.71357206670431,15.0,17.0,Fading hotspots
BROOKLYN,-15,-23,40.68697871933333,-73.95164066466667,15,11,0,1.8333333333333333,0.0,-1.8333333333333333,8,3,79,STREET,46.666666666666664,66.66666666666666,6.666666666666667,517.0,801.0,21.77258872223978,240.0,21.0,Fading hotspots
BROOKLYN,-15,-24,40.68543528833334,-73.95120807749998,12,11,0,1.8333333333333333,0.0,-1.8333333333333333,6,2,79,STREET,58.333333333333336,91.66666666666666,0.0,516.0,800.0,16.564949357461536,355.0,20.0,Fading hotspots
BROOKLYN,-12,-20,40.694178854347825,-73.94304468173912,23,13,1,2.1666666666666665,0.3333333333333333,-1.8333333333333333,12,2,79,STREET,60.86956521739131,73.91304347826086,17.391304347826086,263.0,802.0,29.178053830347945,105.0,22.0,Fading hotspots
BROOKLYN,-5,-30,40.671204258636365,-73.92172538363637,22,11,0,1.8333333333333333,0.0,-1.8333333333333333,15,1,73,STREET,54.54545454545454,50.0,36.36363636363637,668.0,806.0,34.13549421592915,56.0,26.0,Fading hotspots
BROOKLYN,-5,-23,40.68689519,-73.922744088125,16,11,0,1.8333333333333333,0.0,-1.8333333333333333,11,2,81,STREET,56.25,68.75,0.0,672.0,807.0,26.833213344056215,145.0,27.0,Fading hotspots
BROOKLYN,-8,-32,40.66676235692308,-73.93124180153846,26,13,1,2.1666666666666665,0.3333333333333333,-1.8333333333333333,15,4,71,STREET,57.692307692307686,65.38461538461539,0.0,293.0,805.0,37.29583686600433,37.0,25.0,Fading hotspots
MANHATTAN,-13,34,40.81582024428572,-73.94534937464286,28,9,10,1.5,3.3333333333333335,1.8333333333333335,11,6,32,STREET,57.14285714285714,75.0,10.714285714285714,1.0,3.0,31.367295829986475,32.0,254.0,Recent hotspots
MANHATTAN,-15,31,40.808458296666664,-73.95244152,9,0,8,0.0,2.6666666666666665,2.6666666666666665,4,2,28,STREET,33.33333333333333,66.66666666666666,22.22222222222222,2.0,1.0,12.302585092994047,159.0,256.0,Recent hotspots
MANHATTAN,-11,28,40.801342623548386,-73.94027131387098,31,15,7,2.5,2.3333333333333335,-0.16666666666666652,15,4,25,STREET,48.38709677419355,74.19354838709677,9.67741935483871,3.0,113.0,37.46573590279973,13.0,144.0,Recent hotspots
MANHATTAN,-10,25,40.7947838675,-73.9371577896875,32,6,6,1.0,2.0,1.0,17,3,23,HOUSING,62.5,18.75,71.875,4.0,7.0,40.49650756146648,8.0,250.0,Recent hotspots
MANHATTAN,-9,50,40.851160766363634,-73.9347695309091,11,0,6,0.0,2.0,2.0,7,1,34,STREET,63.63636363636363,81.81818181818183,0.0,5.0,2.0,17.484906649788,115.0,255.0,Recent hotspots
MANHATTAN,-4,56,40.86438021482759,-73.9192401286207,29,5,6,0.8333333333333334,2.0,1.1666666666666665,16,3,34,STREET,55.172413793103445,65.51724137931035,0.0,6.0,5.0,38.40119738166216,10.0,253.0,Recent hotspots
MANHATTAN,-17,34,40.814896417368416,-73.95838395210527,19,5,5,0.8333333333333334,1.6666666666666667,0.8333333333333334,13,0,26,HOUSING,57.89473684210527,5.263157894736842,84.21052631578947,7.0,11.0,28.99573227355399,44.0,247.0,Recent hotspots
MANHATTAN,-15,28,40.801597369999996,-73.9521228778788,33,9,5,1.5,1.6666666666666667,0.16666666666666674,15,6,28,STREET,51.515151515151516,87.87878787878788,9.090909090909092,8.0,57.0,39.52636052461616,9.0,198.0,Recent hotspots
MANHATTAN,-14,23,40.790147497619046,-73.94904928619049,21,9,5,1.5,1.6666666666666667,0.16666666666666674,14,1,23,STREET,57.14285714285714,52.38095238095239,47.61904761904761,9.0,58.0,32.09104245335831,29.0,199.0,Recent hotspots
MANHATTAN,-13,22,40.7882194775,-73.94541949333333,24,8,5,1.3333333333333333,1.6666666666666667,0.3333333333333335,16,1,23,HOUSING,62.5,4.166666666666666,95.83333333333334,10.0,36.0,36.2188758248682,15.0,221.0,Recent hotspots
MANHATTAN,-10,28,40.801870474285714,-73.93708537,21,9,5,1.5,1.6666666666666667,0.16666666666666674,13,2,25,STREET,61.904761904761905,71.42857142857143,0.0,11.0,59.0,31.091042453358316,34.0,200.0,Recent hotspots
MANHATTAN,-15,31,40.808458296666664,-73.95244152,9,0,8,0.0,2.6666666666666665,2.6666666666666665,4,2,28,STREET,33.33333333333333,66.66666666666666,22.22222222222222,2.0,1.0,12.302585092994047,159.0,256.0,Emerging hotspots
MANHATTAN,-9,50,40.851160766363634,-73.9347695309091,11,0,6,0.0,2.0,2.0,7,1,34,STREET,63.63636363636363,81.81818181818183,0.0,5.0,2.0,17.484906649788,115.0,255.0,Emerging hotspots
MANHATTAN,-13,34,40.81582024428572,-73.94534937464286,28,9,10,1.5,3.3333333333333335,1.8333333333333335,11,6,32,STREET,57.14285714285714,75.0,10.714285714285714,1.0,3.0,31.367295829986475,32.0,254.0,Emerging hotspots
MANHATTAN,-4,56,40.86438021482759,-73.9192401286207,29,5,6,0.8333333333333334,2.0,1.1666666666666665,16,3,34,STREET,55.172413793103445,65.51724137931035,0.0,6.0,5.0,38.40119738166216,10.0,253.0,Emerging hotspots
MANHATTAN,-10,25,40.7947838675,-73.9371577896875,32,6,6,1.0,2.0,1.0,17,3,23,HOUSING,62.5,18.75,71.875,4.0,7.0,40.49650756146648,8.0,250.0,Emerging hotspots
MANHATTAN,-15,27,40.800102251621624,-73.95155545108108,37,15,3,2.5,1.0,-1.5,18,7,28,STREET,51.35135135135135,59.45945945945946,32.432432432432435,34.0,245.0,46.63758615972638,1.0,12.0,Persistent hotspots
MANHATTAN,-13,33,40.81328582542857,-73.94598267885713,35,17,2,2.8333333333333335,0.6666666666666666,-2.166666666666667,18,5,32,STREET,74.28571428571429,48.57142857142857,37.142857142857146,70.0,254.0,44.58351893845611,2.0,3.0,Persistent hotspots
MANHATTAN,-10,30,40.8062418348718,-73.93709444820513,39,16,2,2.6666666666666665,0.6666666666666666,-2.0,16,8,25,STREET,48.717948717948715,64.1025641025641,23.076923076923077,81.0,253.0,43.68887945411394,3.0,5.0,Persistent hotspots
MANHATTAN,-12,32,40.81039508128205,-73.94302603948718,39,19,2,3.1666666666666665,0.6666666666666666,-2.5,16,7,32,STREET,74.35897435897436,94.87179487179486,0.0,73.0,255.0,42.68887945411394,4.0,2.0,Persistent hotspots
MANHATTAN,-10,32,40.810617474736844,-73.93731380210527,38,19,4,3.1666666666666665,1.3333333333333333,-1.8333333333333333,18,3,25,HOUSING,57.89473684210527,39.473684210526315,52.63157894736842,24.0,251.0,42.663561646129644,5.0,7.0,Persistent hotspots
MANHATTAN,-12,37,40.82168700710527,-73.94346581210527,38,16,3,2.6666666666666665,1.0,-1.6666666666666665,15,7,32,STREET,60.526315789473685,76.31578947368422,18.421052631578945,41.0,246.0,40.663561646129644,6.0,11.0,Persistent hotspots
MANHATTAN,-10,25,40.7947838675,-73.9371577896875,32,6,6,1.0,2.0,1.0,17,3,23,HOUSING,62.5,18.75,71.875,4.0,7.0,40.49650756146648,8.0,250.0,Persistent hotspots
MANHATTAN,-14,25,40.7949544665625,-73.94856407,32,18,1,3.0,0.3333333333333333,-2.6666666666666665,16,5,23,HOUSING,53.125,40.625,53.125,125.0,256.0,40.49650756146648,7.0,1.0,Persistent hotspots
MANHATTAN,-15,28,40.801597369999996,-73.9521228778788,33,9,5,1.5,1.6666666666666667,0.16666666666666674,15,6,28,STREET,51.515151515151516,87.87878787878788,9.090909090909092,8.0,57.0,39.52636052461616,9.0,198.0,Persistent hotspots
MANHATTAN,-4,56,40.86438021482759,-73.9192401286207,29,5,6,0.8333333333333334,2.0,1.1666666666666665,16,3,34,STREET,55.172413793103445,65.51724137931035,0.0,6.0,5.0,38.40119738166216,10.0,253.0,Persistent hotspots
MANHATTAN,-10,41,40.829971414615386,-73.93669797692309,26,9,4,1.5,1.3333333333333333,-0.16666666666666674,16,3,32,HOUSING,73.07692307692307,3.8461538461538463,96.15384615384616,25.0,140.0,38.29583686600433,11.0,122.0,Persistent hotspots
MANHATTAN,-11,27,40.79960717451613,-73.94063744354838,31,13,4,2.1666666666666665,1.3333333333333333,-0.8333333333333333,14,6,25,STREET,80.64516129032258,83.87096774193549,0.0,22.0,214.0,37.46573590279973,12.0,43.0,Persistent hotspots
MANHATTAN,-11,28,40.801342623548386,-73.94027131387098,31,15,7,2.5,2.3333333333333335,-0.16666666666666652,15,4,25,STREET,48.38709677419355,74.19354838709677,9.67741935483871,3.0,113.0,37.46573590279973,13.0,144.0,Persistent hotspots
MANHATTAN,-11,22,40.788464014285715,-73.93942643142859,28,11,2,1.8333333333333333,0.6666666666666666,-1.1666666666666665,16,2,23,HOUSING,46.42857142857143,3.571428571428571,96.42857142857143,75.0,240.0,37.367295829986475,14.0,17.0,Persistent hotspots
MANHATTAN,-13,22,40.7882194775,-73.94541949333333,24,8,5,1.3333333333333333,1.6666666666666667,0.3333333333333335,16,1,23,HOUSING,62.5,4.166666666666666,95.83333333333334,10.0,36.0,36.2188758248682,15.0,221.0,Persistent hotspots
MANHATTAN,-10,36,40.82005925925926,-73.9376182162963,27,7,3,1.1666666666666667,1.0,-0.16666666666666674,14,4,32,STREET,74.07407407407408,62.96296296296296,29.629629629629626,45.0,138.0,35.3322045101752,16.0,120.0,Persistent hotspots
MANHATTAN,-14,33,40.81282475384615,-73.94911150576924,26,4,3,0.6666666666666666,1.0,0.33333333333333337,14,4,32,STREET,57.692307692307686,61.53846153846154,34.61538461538461,36.0,37.0,35.29583686600433,17.0,218.0,Persistent hotspots
MANHATTAN,-11,35,40.817387396923074,-73.939828085,26,5,2,0.8333333333333334,0.6666666666666666,-0.16666666666666674,13,5,32,STREET,50.0,88.46153846153845,0.0,78.0,137.0,34.29583686600433,18.0,119.0,Persistent hotspots
MANHATTAN,-13,27,40.79883832481481,-73.94596854222223,27,14,1,2.3333333333333335,0.3333333333333333,-2.0,14,2,23,HOUSING,55.55555555555556,29.629629629629626,66.66666666666666,129.0,252.0,33.3322045101752,19.0,4.0,Persistent hotspots
MANHATTAN,-11,26,40.79682926111111,-73.94015988407408,27,7,2,1.1666666666666667,0.6666666666666666,-0.5000000000000001,13,4,23,HOUSING,62.96296296296296,37.03703703703704,59.25925925925925,77.0,196.0,33.3322045101752,20.0,60.0,Persistent hotspots
MANHATTAN,-19,26,40.79696472909091,-73.96454154999999,22,5,4,0.8333333333333334,1.3333333333333333,0.4999999999999999,14,2,24,HOUSING,54.54545454545454,13.636363636363635,81.81818181818183,14.0,32.0,33.13549421592915,21.0,223.0,Persistent hotspots
MANHATTAN,-14,26,40.797439495909096,-73.94934052272727,22,8,2,1.3333333333333333,0.6666666666666666,-0.6666666666666666,15,0,28,STREET,68.18181818181817,90.9090909090909,0.0,65.0,200.0,33.13549421592915,22.0,53.0,Persistent hotspots
MANHATTAN,-13,23,40.79027485380953,-73.94627721857144,21,6,2,1.0,0.6666666666666666,-0.33333333333333337,14,2,23,STREET,47.61904761904761,76.19047619047619,19.047619047619047,67.0,166.0,33.09104245335831,23.0,89.0,Persistent hotspots
MANHATTAN,-14,32,40.81075903800001,-73.9493546615,20,6,3,1.0,1.0,0.0,15,0,32,HOUSING,65.0,35.0,60.0,35.0,100.0,33.04452243772342,24.0,164.0,Persistent hotspots
MANHATTAN,-13,31,40.80826628807692,-73.94584819884615,26,12,4,2.0,1.3333333333333333,-0.6666666666666667,13,3,28,STREET,73.07692307692307,80.76923076923077,0.0,18.0,207.0,32.29583686600433,25.0,44.0,Persistent hotspots
MANHATTAN,-14,25,40.7949544665625,-73.94856407,32,18,1,3.0,0.3333333333333333,-2.6666666666666665,16,5,23,HOUSING,53.125,40.625,53.125,125.0,256.0,40.49650756146648,7.0,1.0,Fading hotspots
MANHATTAN,-12,32,40.81039508128205,-73.94302603948718,39,19,2,3.1666666666666665,0.6666666666666666,-2.5,16,7,32,STREET,74.35897435897436,94.87179487179486,0.0,73.0,255.0,42.68887945411394,4.0,2.0,Fading hotspots
MANHATTAN,-13,33,40.81328582542857,-73.94598267885713,35,17,2,2.8333333333333335,0.6666666666666666,-2.166666666666667,18,5,32,STREET,74.28571428571429,48.57142857142857,37.142857142857146,70.0,254.0,44.58351893845611,2.0,3.0,Fading hotspots
MANHATTAN,-13,27,40.79883832481481,-73.94596854222223,27,14,1,2.3333333333333335,0.3333333333333333,-2.0,14,2,23,HOUSING,55.55555555555556,29.629629629629626,66.66666666666666,129.0,252.0,33.3322045101752,19.0,4.0,Fading hotspots
MANHATTAN,-10,30,40.8062418348718,-73.93709444820513,39,16,2,2.6666666666666665,0.6666666666666666,-2.0,16,8,25,STREET,48.717948717948715,64.1025641025641,23.076923076923077,81.0,253.0,43.68887945411394,3.0,5.0,Fading hotspots
MANHATTAN,-10,32,40.810617474736844,-73.93731380210527,38,19,4,3.1666666666666665,1.3333333333333333,-1.8333333333333333,18,3,25,HOUSING,57.89473684210527,39.473684210526315,52.63157894736842,24.0,251.0,42.663561646129644,5.0,7.0,Fading hotspots
MANHATTAN,-10,26,40.79730189076923,-73.93719967384615,13,11,0,1.8333333333333333,0.0,-1.8333333333333333,8,1,25,STREET,76.92307692307693,92.3076923076923,0.0,237.0,250.0,19.63905732961526,95.0,6.0,Fading hotspots
MANHATTAN,-15,32,40.810805114666664,-73.952056922,15,10,0,1.6666666666666667,0.0,-1.6666666666666667,9,1,28,STREET,53.333333333333336,73.33333333333333,0.0,200.0,247.0,21.77258872223978,84.0,8.0,Fading hotspots
MANHATTAN,-10,47,40.844448101333334,-73.93703027000001,15,10,0,1.6666666666666667,0.0,-1.6666666666666667,9,1,33,STREET,73.33333333333333,73.33333333333333,0.0,240.0,249.0,21.77258872223978,85.0,10.0,Fading hotspots
MANHATTAN,-12,33,40.812584253333334,-73.94284652133334,15,10,0,1.6666666666666667,0.0,-1.6666666666666667,10,1,32,STREET,53.333333333333336,86.66666666666667,0.0,224.0,248.0,23.77258872223978,68.0,9.0,Fading hotspots
MANHATTAN,-12,37,40.82168700710527,-73.94346581210527,38,16,3,2.6666666666666665,1.0,-1.6666666666666665,15,7,32,STREET,60.526315789473685,76.31578947368422,18.421052631578945,41.0,246.0,40.663561646129644,6.0,11.0,Fading hotspots
MANHATTAN,-15,27,40.800102251621624,-73.95155545108108,37,15,3,2.5,1.0,-1.5,18,7,28,STREET,51.35135135135135,59.45945945945946,32.432432432432435,34.0,245.0,46.63758615972638,1.0,12.0,Fading hotspots
MANHATTAN,-16,36,40.81984691,-73.95501796500001,22,9,1,1.5,0.3333333333333333,-1.1666666666666667,14,1,30,STREET,72.72727272727273,81.81818181818183,4.545454545454546,120.0,241.0,32.13549421592915,28.0,13.0,Fading hotspots
MANHATTAN,-11,22,40.788464014285715,-73.93942643142859,28,11,2,1.8333333333333333,0.6666666666666666,-1.1666666666666665,16,2,23,HOUSING,46.42857142857143,3.571428571428571,96.42857142857143,75.0,240.0,37.367295829986475,14.0,17.0,Fading hotspots
MANHATTAN,-11,25,40.79523741210526,-73.93950655789473,19,8,1,1.3333333333333333,0.3333333333333333,-1.0,10,3,23,HOUSING,52.63157894736842,10.526315789473683,78.94736842105263,139.0,236.0,25.99573227355399,58.0,23.0,Fading hotspots
MANHATTAN,-5,56,40.86511935666667,-73.9228367752381,21,8,1,1.3333333333333333,0.3333333333333333,-1.0,12,3,34,STREET,66.66666666666666,90.47619047619048,0.0,159.0,239.0,30.091042453358316,37.0,26.0,Fading hotspots
MANHATTAN,-9,47,40.84464910571429,-73.93447170190477,21,9,2,1.5,0.6666666666666666,-0.8333333333333334,10,4,33,STREET,52.38095238095239,52.38095238095239,19.047619047619047,87.0,225.0,27.091042453358316,53.0,42.0,Fading hotspots
MANHATTAN,-11,27,40.79960717451613,-73.94063744354838,31,13,4,2.1666666666666665,1.3333333333333333,-0.8333333333333333,14,6,25,STREET,80.64516129032258,83.87096774193549,0.0,22.0,214.0,37.46573590279973,12.0,43.0,Fading hotspots
MANHATTAN,-11,37,40.82151699238096,-73.93988100428571,21,10,3,1.6666666666666667,1.0,-0.6666666666666667,10,3,32,STREET,57.14285714285714,57.14285714285714,19.047619047619047,43.0,211.0,26.091042453358316,57.0,48.0,Fading hotspots
MANHATTAN,-12,34,40.814855340526314,-73.94335334210527,19,10,3,1.6666666666666667,1.0,-0.6666666666666667,11,3,32,STREET,68.42105263157895,78.94736842105263,0.0,40.0,210.0,27.99573227355399,49.0,47.0,Fading hotspots
MANHATTAN,-13,31,40.80826628807692,-73.94584819884615,26,12,4,2.0,1.3333333333333333,-0.6666666666666667,13,3,28,STREET,73.07692307692307,80.76923076923077,0.0,18.0,207.0,32.29583686600433,25.0,44.0,Fading hotspots
MANHATTAN,-14,26,40.797439495909096,-73.94934052272727,22,8,2,1.3333333333333333,0.6666666666666666,-0.6666666666666666,15,0,28,STREET,68.18181818181817,90.9090909090909,0.0,65.0,200.0,33.13549421592915,22.0,53.0,Fading hotspots
MANHATTAN,-12,36,40.8197186973913,-73.94319502652174,23,11,4,1.8333333333333333,1.3333333333333333,-0.5,13,2,32,STREET,56.52173913043478,65.21739130434783,17.391304347826086,20.0,185.0,31.178053830347945,33.0,78.0,Fading hotspots
MANHATTAN,-12,25,40.7949554175,-73.94345625375,16,8,3,1.3333333333333333,1.0,-0.33333333333333326,10,1,23,STREET,68.75,68.75,31.25,38.0,141.0,23.833213344056215,65.0,116.0,Fading hotspots
MANHATTAN,-10,41,40.829971414615386,-73.93669797692309,26,9,4,1.5,1.3333333333333333,-0.16666666666666674,16,3,32,HOUSING,73.07692307692307,3.8461538461538463,96.15384615384616,25.0,140.0,38.29583686600433,11.0,122.0,Fading hotspots
QUEENS,39,-14,40.707208734782604,-73.7926949921739,23,10,8,1.6666666666666667,2.6666666666666665,0.9999999999999998,12,3,103,STREET,39.130434782608695,82.6086956521739,0.0,1.0,7.0,30.178053830347945,11.0,410.0,Recent hotspots
QUEENS,58,-5,40.72652938,-73.73486454,20,8,7,1.3333333333333333,2.3333333333333335,1.0000000000000002,8,2,105,STREET,50.0,85.0,0.0,2.0,3.0,21.044522437723423,35.0,414.0,Recent hotspots
QUEENS,-10,16,40.77390625117648,-73.93631535,17,3,5,0.5,1.6666666666666667,1.1666666666666667,11,2,114,HOUSING,47.05882352941176,0.0,100.0,3.0,1.0,26.890371757896165,18.0,416.0,Recent hotspots
QUEENS,53,-60,40.60289553583333,-73.75002207958335,24,9,5,1.5,1.6666666666666667,0.16666666666666674,16,1,101,STREET,66.66666666666666,79.16666666666666,4.166666666666666,4.0,50.0,36.2188758248682,5.0,367.0,Recent hotspots
QUEENS,58,-5,40.72652938,-73.73486454,20,8,7,1.3333333333333333,2.3333333333333335,1.0000000000000002,8,2,105,STREET,50.0,85.0,0.0,2.0,3.0,21.044522437723423,35.0,414.0,Emerging hotspots
QUEENS,39,-14,40.707208734782604,-73.7926949921739,23,10,8,1.6666666666666667,2.6666666666666665,0.9999999999999998,12,3,103,STREET,39.130434782608695,82.6086956521739,0.0,1.0,7.0,30.178053830347945,11.0,410.0,Emerging hotspots
QUEENS,-12,7,40.754964421470596,-73.94353256999999,34,12,2,2.0,0.6666666666666666,-1.3333333333333335,15,5,114,HOUSING,73.52941176470588,5.88235294117647,88.23529411764706,15.0,411.0,38.55534806148941,1.0,5.0,Persistent hotspots
QUEENS,36,-20,40.69393210692307,-73.80086817153845,26,13,1,2.1666666666666665,0.3333333333333333,-1.8333333333333333,15,4,103,STREET,42.30769230769231,88.46153846153845,0.0,92.0,414.0,37.29583686600433,2.0,3.0,Persistent hotspots
QUEENS,33,-67,40.587745900909084,-73.80979964272727,33,22,2,3.6666666666666665,0.6666666666666666,-3.0,14,5,100,HOUSING,60.60606060606061,6.0606060606060606,93.93939393939394,34.0,416.0,36.52636052461616,3.0,1.0,Persistent hotspots
QUEENS,44,-26,40.679958058846154,-73.77629666346155,26,9,4,1.5,1.3333333333333333,-0.16666666666666674,15,3,113,STREET,50.0,84.61538461538461,3.8461538461538463,7.0,232.0,36.29583686600433,4.0,187.0,Persistent hotspots
QUEENS,53,-60,40.60289553583333,-73.75002207958335,24,9,5,1.5,1.6666666666666667,0.16666666666666674,16,1,101,STREET,66.66666666666666,79.16666666666666,4.166666666666666,4.0,50.0,36.2188758248682,5.0,367.0,Persistent hotspots
QUEENS,51,-59,40.60636733178572,-73.75610078392857,28,10,0,1.6666666666666667,0.0,-1.6666666666666667,14,4,101,STREET,60.71428571428571,71.42857142857143,0.0,356.0,413.0,35.367295829986475,6.0,4.0,Persistent hotspots
QUEENS,39,-18,40.69861251565217,-73.79206519869565,23,6,1,1.0,0.3333333333333333,-0.6666666666666667,15,2,103,STREET,52.17391304347826,86.95652173913044,0.0,108.0,388.0,35.17805383034795,7.0,31.0,Persistent hotspots
QUEENS,-13,8,40.7565464762963,-73.94549952111112,27,3,2,0.5,0.6666666666666666,0.16666666666666663,14,3,114,HOUSING,51.85185185185185,3.7037037037037033,88.88888888888889,14.0,80.0,34.3322045101752,8.0,333.0,Persistent hotspots
QUEENS,41,-63,40.596808790000004,-73.78531441666667,24,12,2,2.0,0.6666666666666666,-1.3333333333333335,14,3,101,HOUSING,62.5,4.166666666666666,91.66666666666666,42.0,412.0,34.2188758248682,9.0,6.0,Persistent hotspots
QUEENS,42,-24,40.684605537391306,-73.78275336217392,23,7,2,1.1666666666666667,0.6666666666666666,-0.5000000000000001,14,2,113,HOUSING,39.130434782608695,30.434782608695656,69.56521739130434,43.0,369.0,33.17805383034795,10.0,48.0,Persistent hotspots
QUEENS,42,-64,40.594875753043475,-73.7831032,23,5,4,0.8333333333333334,1.3333333333333333,0.4999999999999999,13,1,101,HOUSING,43.47826086956522,21.73913043478261,78.26086956521739,6.0,27.0,30.178053830347945,12.0,390.0,Persistent hotspots
QUEENS,39,-14,40.707208734782604,-73.7926949921739,23,10,8,1.6666666666666667,2.6666666666666665,0.9999999999999998,12,3,103,STREET,39.130434782608695,82.6086956521739,0.0,1.0,7.0,30.178053830347945,11.0,410.0,Persistent hotspots
QUEENS,38,-18,40.698064260624996,-73.794958961875,16,4,1,0.6666666666666666,0.3333333333333333,-0.3333333333333333,13,0,103,STREET,68.75,62.5,31.25,102.0,268.0,28.833213344056215,13.0,136.0,Persistent hotspots
QUEENS,53,-61,40.60164202,-73.74997490526316,19,6,2,1.0,0.6666666666666666,-0.33333333333333337,11,3,101,STREET,63.1578947368421,94.73684210526315,0.0,50.0,317.0,27.99573227355399,14.0,101.0,Persistent hotspots
QUEENS,53,-57,40.60977931,-73.75061338,24,15,1,2.5,0.3333333333333333,-2.1666666666666665,10,4,101,HOUSING,50.0,8.333333333333332,91.66666666666666,138.0,415.0,27.2188758248682,15.0,2.0,Persistent hotspots
QUEENS,46,-63,40.596402677368424,-73.77209515894738,19,7,0,1.1666666666666667,0.0,-1.1666666666666667,11,2,101,HOUSING,63.1578947368421,10.526315789473683,89.47368421052632,303.0,409.0,26.99573227355399,17.0,12.0,Persistent hotspots
QUEENS,41,-64,40.594795231052636,-73.78576409105264,19,9,1,1.5,0.3333333333333333,-1.1666666666666667,11,2,101,HOUSING,57.89473684210527,5.263157894736842,94.73684210526315,113.0,407.0,26.99573227355399,16.0,10.0,Persistent hotspots
QUEENS,-10,16,40.77390625117648,-73.93631535,17,3,5,0.5,1.6666666666666667,1.1666666666666667,11,2,114,HOUSING,47.05882352941176,0.0,100.0,3.0,1.0,26.890371757896165,18.0,416.0,Persistent hotspots
QUEENS,-9,15,40.772807615000005,-73.933457340625,16,6,1,1.0,0.3333333333333333,-0.6666666666666667,11,1,114,HOUSING,50.0,12.5,87.5,56.0,386.0,25.833213344056215,19.0,29.0,Persistent hotspots
QUEENS,52,-60,40.603657979333335,-73.753390494,15,3,2,0.5,0.6666666666666666,0.16666666666666663,11,1,101,STREET,26.666666666666668,80.0,0.0,49.0,84.0,25.77258872223978,20.0,337.0,Persistent hotspots
QUEENS,43,-16,40.702869774444444,-73.78036239944444,18,6,0,1.0,0.0,-1.0,10,2,103,STREET,83.33333333333334,88.88888888888889,0.0,288.0,402.0,24.944438979166442,21.0,14.0,Persistent hotspots
QUEENS,33,-66,40.589923505,-73.80844774375001,16,2,2,0.3333333333333333,0.6666666666666666,0.3333333333333333,11,0,100,HOUSING,62.5,6.25,93.75,35.0,39.0,24.833213344056215,22.0,379.0,Persistent hotspots
QUEENS,40,-66,40.58989694466666,-73.78874199533333,15,5,2,0.8333333333333334,0.6666666666666666,-0.16666666666666674,11,0,101,STREET,33.33333333333333,66.66666666666666,0.0,41.0,231.0,24.77258872223978,23.0,186.0,Persistent hotspots
QUEENS,42,-19,40.69662761357143,-73.78360646642858,14,7,0,1.1666666666666667,0.0,-1.1666666666666667,11,0,103,STREET,71.42857142857143,100.0,0.0,282.0,408.0,24.70805020110221,24.0,11.0,Persistent hotspots
QUEENS,-9,16,40.77499854538461,-73.93406345000001,13,6,2,1.0,0.6666666666666666,-0.33333333333333337,11,0,114,HOUSING,61.53846153846154,15.384615384615385,76.92307692307693,16.0,316.0,24.63905732961526,25.0,100.0,Persistent hotspots
QUEENS,33,-67,40.587745900909084,-73.80979964272727,33,22,2,3.6666666666666665,0.6666666666666666,-3.0,14,5,100,HOUSING,60.60606060606061,6.0606060606060606,93.93939393939394,34.0,416.0,36.52636052461616,3.0,1.0,Fading hotspots
QUEENS,53,-57,40.60977931,-73.75061338,24,15,1,2.5,0.3333333333333333,-2.1666666666666665,10,4,101,HOUSING,50.0,8.333333333333332,91.66666666666666,138.0,415.0,27.2188758248682,15.0,2.0,Fading hotspots
QUEENS,36,-20,40.69393210692307,-73.80086817153845,26,13,1,2.1666666666666665,0.3333333333333333,-1.8333333333333333,15,4,103,STREET,42.30769230769231,88.46153846153845,0.0,92.0,414.0,37.29583686600433,2.0,3.0,Fading hotspots
QUEENS,51,-59,40.60636733178572,-73.75610078392857,28,10,0,1.6666666666666667,0.0,-1.6666666666666667,14,4,101,STREET,60.71428571428571,71.42857142857143,0.0,356.0,413.0,35.367295829986475,6.0,4.0,Fading hotspots
QUEENS,-12,7,40.754964421470596,-73.94353256999999,34,12,2,2.0,0.6666666666666666,-1.3333333333333335,15,5,114,HOUSING,73.52941176470588,5.88235294117647,88.23529411764706,15.0,411.0,38.55534806148941,1.0,5.0,Fading hotspots
QUEENS,41,-63,40.596808790000004,-73.78531441666667,24,12,2,2.0,0.6666666666666666,-1.3333333333333335,14,3,101,HOUSING,62.5,4.166666666666666,91.66666666666666,42.0,412.0,34.2188758248682,9.0,6.0,Fading hotspots
QUEENS,48,-25,40.6816799625,-73.76553737583333,12,8,0,1.3333333333333333,0.0,-1.3333333333333333,9,0,113,STREET,58.333333333333336,66.66666666666666,0.0,326.0,410.0,20.564949357461536,38.0,7.0,Fading hotspots
QUEENS,41,-64,40.594795231052636,-73.78576409105264,19,9,1,1.5,0.3333333333333333,-1.1666666666666667,11,2,101,HOUSING,57.89473684210527,5.263157894736842,94.73684210526315,113.0,407.0,26.99573227355399,16.0,10.0,Fading hotspots
QUEENS,23,-25,40.68239828,-73.84007216,15,8,2,1.3333333333333333,0.6666666666666666,-0.6666666666666666,10,1,106,STREET,66.66666666666666,86.66666666666667,0.0,27.0,371.0,23.77258872223978,27.0,33.0,Fading hotspots
QUEENS,44,-26,40.679958058846154,-73.77629666346155,26,9,4,1.5,1.3333333333333333,-0.16666666666666674,15,3,113,STREET,50.0,84.61538461538461,3.8461538461538463,7.0,232.0,36.29583686600433,4.0,187.0,Fading hotspots
STATEN ISLAND,-57,-42,40.64472094,-74.07703272,16,4,8,0.6666666666666666,2.6666666666666665,2.0,8,1,120,STREET,50.0,75.0,6.25,1.0,1.0,19.833213344056215,13.0,59.0,Recent hotspots
STATEN ISLAND,-57,-42,40.64472094,-74.07703272,16,4,8,0.6666666666666666,2.6666666666666665,2.0,8,1,120,STREET,50.0,75.0,6.25,1.0,1.0,19.833213344056215,13.0,59.0,Emerging hotspots
STATEN ISLAND,-59,-55,40.61540691843751,-74.0818776425,32,11,2,1.8333333333333333,0.6666666666666666,-1.1666666666666665,16,5,120,STREET,53.125,75.0,0.0,6.0,58.0,40.49650756146648,1.0,2.0,Persistent hotspots
STATEN ISLAND,-89,-44,40.63903392903226,-74.17125696741937,31,16,0,2.6666666666666665,0.0,-2.6666666666666665,13,6,120,STREET,45.16129032258064,64.51612903225806,0.0,24.0,59.0,35.46573590279973,2.0,1.0,Persistent hotspots
STATEN ISLAND,-59,-51,40.62368839428572,-74.08214776238096,21,7,1,1.1666666666666667,0.3333333333333333,-0.8333333333333335,13,3,120,HOUSING,52.38095238095239,42.857142857142854,52.38095238095239,18.0,55.0,32.09104245335831,3.0,5.0,Persistent hotspots
STATEN ISLAND,-61,-44,40.639597699999996,-74.08748033500001,16,5,2,0.8333333333333334,0.6666666666666666,-0.16666666666666674,13,0,120,STREET,62.5,81.25,0.0,4.0,30.0,28.833213344056215,4.0,30.0,Persistent hotspots
STATEN ISLAND,-71,-45,40.63691561647059,-74.11840023529413,17,0,1,0.0,0.3333333333333333,0.3333333333333333,9,3,120,HOUSING,64.70588235294117,17.647058823529413,76.47058823529412,12.0,6.0,23.890371757896165,5.0,54.0,Persistent hotspots
STATEN ISLAND,-71,-46,40.635015664,-74.11809289933333,15,6,0,1.0,0.0,-1.0,10,1,120,STREET,66.66666666666666,53.333333333333336,40.0,42.0,56.0,23.77258872223978,6.0,3.0,Persistent hotspots
STATEN ISLAND,-60,-44,40.639554114999996,-74.08610267285715,14,3,1,0.5,0.3333333333333333,-0.16666666666666669,10,1,120,STREET,50.0,92.85714285714286,0.0,16.0,28.0,23.70805020110221,7.0,31.0,Persistent hotspots
STATEN ISLAND,-59,-54,40.61721923733334,-74.08206344599999,15,4,0,0.6666666666666666,0.0,-0.6666666666666666,10,0,120,STREET,66.66666666666666,100.0,0.0,57.0,51.0,22.77258872223978,8.0,9.0,Persistent hotspots
STATEN ISLAND,-86,-47,40.632498852727274,-74.16345456909092,11,4,1,0.6666666666666666,0.3333333333333333,-0.3333333333333333,10,0,121,HOUSING,72.72727272727273,0.0,100.0,9.0,33.0,22.484906649788,9.0,20.0,Persistent hotspots
STATEN ISLAND,-57,-49,40.628844074545455,-74.07667967818182,11,4,1,0.6666666666666666,0.3333333333333333,-0.3333333333333333,10,0,120,STREET,45.45454545454545,72.72727272727273,0.0,22.0,42.0,22.484906649788,10.0,29.0,Persistent hotspots
STATEN ISLAND,-60,-43,40.641565559375,-74.08677734125001,16,2,0,0.3333333333333333,0.0,-0.3333333333333333,8,3,120,STREET,68.75,87.5,12.5,54.0,39.0,21.833213344056215,11.0,26.0,Persistent hotspots
STATEN ISLAND,-60,-55,40.614903472857144,-74.08486502214285,14,5,1,0.8333333333333334,0.3333333333333333,-0.5,9,1,120,STREET,35.714285714285715,71.42857142857143,0.0,14.0,48.0,21.70805020110221,12.0,15.0,Persistent hotspots
STATEN ISLAND,-57,-42,40.64472094,-74.07703272,16,4,8,0.6666666666666666,2.6666666666666665,2.0,8,1,120,STREET,50.0,75.0,6.25,1.0,1.0,19.833213344056215,13.0,59.0,Persistent hotspots
STATEN ISLAND,-59,-52,40.6215415575,-74.0827656125,12,8,1,1.3333333333333333,0.3333333333333333,-1.0,8,1,120,HOUSING,66.66666666666666,33.33333333333333,58.333333333333336,17.0,57.0,19.564949357461536,14.0,4.0,Persistent hotspots
STATEN ISLAND,-59,-53,40.61909834555556,-74.08313189666667,9,3,0,0.5,0.0,-0.5,8,0,120,STREET,33.33333333333333,100.0,0.0,58.0,50.0,18.302585092994047,15.0,17.0,Persistent hotspots
STATEN ISLAND,-61,-41,40.6466769225,-74.0885019925,8,3,0,0.5,0.0,-0.5,8,0,120,STREET,50.0,50.0,37.5,50.0,47.0,18.19722457733622,16.0,14.0,Persistent hotspots
STATEN ISLAND,-89,-44,40.63903392903226,-74.17125696741937,31,16,0,2.6666666666666665,0.0,-2.6666666666666665,13,6,120,STREET,45.16129032258064,64.51612903225806,0.0,24.0,59.0,35.46573590279973,2.0,1.0,Fading hotspots
STATEN ISLAND,-59,-55,40.61540691843751,-74.0818776425,32,11,2,1.8333333333333333,0.6666666666666666,-1.1666666666666665,16,5,120,STREET,53.125,75.0,0.0,6.0,58.0,40.49650756146648,1.0,2.0,Fading hotspots
STATEN ISLAND,-59,-52,40.6215415575,-74.0827656125,12,8,1,1.3333333333333333,0.3333333333333333,-1.0,8,1,120,HOUSING,66.66666666666666,33.33333333333333,58.333333333333336,17.0,57.0,19.564949357461536,14.0,4.0,Fading hotspots
